pattern,seqID,syll_1,syll_2,syll_3,syll_4,position
A1A2B2B1,seq_0000,A1_i_b.wav,A2_e_d.wav,A2_i_d.wav,B1_o_p.wav,-2
A3A1B1B3,seq_0001,A3_e_g.wav,A1_e_b.wav,B1_u_p.wav,A1_i_b.wav,-1
A3A1B1B3,seq_0002,A3_i_g.wav,A1_i_b.wav,B1_u_p.wav,A1_i_b.wav,-1
A1A2B2B1,seq_0003,A1_i_b.wav,A2_e_d.wav,B2_o_t.wav,A2_i_d.wav,-1
A2A3B3B2,seq_0004,A2_i_d.wav,A3_e_g.wav,B3_o_k.wav,A3_e_g.wav,-1
A3A2B2B3,seq_0005,A3_e_g.wav,A2_e_d.wav,A2_i_d.wav,B3_o_k.wav,-2
A3A2B2B3,seq_0006,A3_e_g.wav,A2_i_d.wav,B2_u_t.wav,A2_i_d.wav,-1
A1A2B2B1,seq_0007,A1_e_b.wav,A2_i_d.wav,A2_e_d.wav,B1_o_p.wav,-2
A2A1B1B2,seq_0008,A2_e_d.wav,A1_e_b.wav,B1_u_p.wav,A2_i_d.wav,-1
A3A2B2B3,seq_0009,A3_i_g.wav,A2_e_d.wav,A2_e_d.wav,B3_u_k.wav,-2
A2A3B3B2,seq_0010,A2_i_d.wav,A3_e_g.wav,B3_o_k.wav,A2_e_d.wav,-1
A1A3B3B1,seq_0011,A1_e_b.wav,A3_i_g.wav,A3_i_g.wav,B1_o_p.wav,-2
A1A2B2B1,seq_0012,A1_i_b.wav,A2_e_d.wav,B2_u_t.wav,A3_i_g.wav,-1
A2A1B1B2,seq_0013,A2_i_d.wav,A1_i_b.wav,A1_i_b.wav,B2_u_t.wav,-2
A1A2B2B1,seq_0014,A1_i_b.wav,A2_i_d.wav,A2_i_d.wav,B1_u_p.wav,-2
A2A3B3B2,seq_0015,A2_e_d.wav,A3_i_g.wav,B3_u_k.wav,A1_e_b.wav,-1
A3A1B1B3,seq_0016,A3_e_g.wav,A1_i_b.wav,A3_e_g.wav,B3_u_k.wav,-2
A2A3B3B2,seq_0017,A2_i_d.wav,A3_i_g.wav,B3_o_k.wav,A3_e_g.wav,-1
A2A3B3B2,seq_0018,A2_i_d.wav,A3_i_g.wav,B3_o_k.wav,A1_e_b.wav,-1
A2A1B1B2,seq_0019,A2_i_d.wav,A1_i_b.wav,A2_e_d.wav,B2_o_t.wav,-2
A2A3B3B2,seq_0020,A2_e_d.wav,A3_e_g.wav,A2_i_d.wav,B2_o_t.wav,-2
A3A1B1B3,seq_0021,A3_e_g.wav,A1_e_b.wav,B1_o_p.wav,A2_i_d.wav,-1
A3A1B1B3,seq_0022,A3_i_g.wav,A1_e_b.wav,B1_o_p.wav,A1_i_b.wav,-1
A3A1B1B3,seq_0023,A3_i_g.wav,A1_e_b.wav,A2_e_d.wav,B3_o_k.wav,-2
A3A2B2B3,seq_0024,A3_e_g.wav,A2_i_d.wav,A1_i_b.wav,B3_o_k.wav,-2
A3A1B1B3,seq_0025,A3_e_g.wav,A1_i_b.wav,B1_u_p.wav,A2_i_d.wav,-1
A1A3B3B1,seq_0026,A1_e_b.wav,A3_i_g.wav,A2_i_d.wav,B1_u_p.wav,-2
A1A2B2B1,seq_0027,A1_e_b.wav,A2_i_d.wav,B2_u_t.wav,A1_i_b.wav,-1
A1A2B2B1,seq_0028,A1_i_b.wav,A2_i_d.wav,B2_o_t.wav,A2_i_d.wav,-1
A2A1B1B2,seq_0029,A2_i_d.wav,A1_e_b.wav,B1_u_p.wav,A2_i_d.wav,-1
A2A1B1B2,seq_0030,A2_i_d.wav,A1_e_b.wav,A3_e_g.wav,B2_u_t.wav,-2
A1A3B3B1,seq_0031,A1_e_b.wav,A3_e_g.wav,B3_o_k.wav,A1_i_b.wav,-1
A3A2B2B3,seq_0032,A3_e_g.wav,A2_e_d.wav,A2_i_d.wav,B3_u_k.wav,-2
A3A1B1B3,seq_0033,A3_i_g.wav,A1_i_b.wav,B1_u_p.wav,A2_e_d.wav,-1
A3A2B2B3,seq_0034,A3_e_g.wav,A2_e_d.wav,B2_o_t.wav,A1_e_b.wav,-1
A1A2B2B1,seq_0035,A1_i_b.wav,A2_e_d.wav,B2_u_t.wav,A1_i_b.wav,-1
A1A3B3B1,seq_0036,A1_e_b.wav,A3_e_g.wav,A3_i_g.wav,B1_u_p.wav,-2
A1A2B2B1,seq_0037,A1_e_b.wav,A2_i_d.wav,A3_e_g.wav,B1_o_p.wav,-2
A3A2B2B3,seq_0038,A3_i_g.wav,A2_i_d.wav,B2_o_t.wav,A3_e_g.wav,-1
A1A2B2B1,seq_0039,A1_e_b.wav,A2_e_d.wav,A2_i_d.wav,B1_o_p.wav,-2
A2A3B3B2,seq_0040,A2_i_d.wav,A3_e_g.wav,B3_u_k.wav,A3_i_g.wav,-1
A2A3B3B2,seq_0041,A2_i_d.wav,A3_i_g.wav,A2_i_d.wav,B2_o_t.wav,-2
A1A3B3B1,seq_0042,A1_i_b.wav,A3_i_g.wav,B3_o_k.wav,A3_i_g.wav,-1
A3A2B2B3,seq_0043,A3_i_g.wav,A2_e_d.wav,A3_e_g.wav,B3_o_k.wav,-2
A2A1B1B2,seq_0044,A2_i_d.wav,A1_i_b.wav,A3_i_g.wav,B2_o_t.wav,-2
A2A1B1B2,seq_0045,A2_e_d.wav,A1_e_b.wav,A3_e_g.wav,B2_o_t.wav,-2
A1A2B2B1,seq_0046,A1_e_b.wav,A2_e_d.wav,B2_u_t.wav,A1_e_b.wav,-1
A1A2B2B1,seq_0047,A1_i_b.wav,A2_i_d.wav,B2_u_t.wav,A1_i_b.wav,-1
A3A1B1B3,seq_0048,A3_e_g.wav,A1_e_b.wav,A1_i_b.wav,B3_o_k.wav,-2
A1A3B3B1,seq_0049,A1_i_b.wav,A3_i_g.wav,A2_i_d.wav,B1_u_p.wav,-2
A1A3B3B1,seq_0050,A1_i_b.wav,A3_i_g.wav,B3_u_k.wav,A2_e_d.wav,-1
A2A3B3B2,seq_0051,A2_i_d.wav,A3_i_g.wav,A3_i_g.wav,B2_u_t.wav,-2
A2A1B1B2,seq_0052,A2_i_d.wav,A1_i_b.wav,A1_e_b.wav,B2_u_t.wav,-2
A3A1B1B3,seq_0053,A3_i_g.wav,A1_e_b.wav,A3_i_g.wav,B3_o_k.wav,-2
A2A3B3B2,seq_0054,A2_i_d.wav,A3_e_g.wav,A2_e_d.wav,B2_o_t.wav,-2
A2A1B1B2,seq_0055,A2_e_d.wav,A1_e_b.wav,A2_i_d.wav,B2_o_t.wav,-2
A1A3B3B1,seq_0056,A1_e_b.wav,A3_i_g.wav,B3_o_k.wav,A2_e_d.wav,-1
A2A3B3B2,seq_0057,A2_e_d.wav,A3_e_g.wav,B3_u_k.wav,A2_e_d.wav,-1
A2A3B3B2,seq_0058,A2_e_d.wav,A3_e_g.wav,A2_i_d.wav,B2_u_t.wav,-2
A2A3B3B2,seq_0059,A2_e_d.wav,A3_i_g.wav,B3_o_k.wav,A3_i_g.wav,-1
A1A3B3B1,seq_0060,A1_e_b.wav,A3_e_g.wav,B3_u_k.wav,A2_i_d.wav,-1
A1A3B3B1,seq_0061,A1_i_b.wav,A3_e_g.wav,A2_i_d.wav,B1_u_p.wav,-2
A3A2B2B3,seq_0062,A3_i_g.wav,A2_i_d.wav,A1_i_b.wav,B3_o_k.wav,-2
A2A1B1B2,seq_0063,A2_e_d.wav,A1_e_b.wav,B1_o_p.wav,A3_i_g.wav,-1
A2A3B3B2,seq_0064,A2_e_d.wav,A3_e_g.wav,B3_o_k.wav,A1_i_b.wav,-1
A3A1B1B3,seq_0065,A3_e_g.wav,A1_e_b.wav,B1_o_p.wav,A1_e_b.wav,-1
A1A2B2B1,seq_0066,A1_e_b.wav,A2_e_d.wav,B2_o_t.wav,A2_e_d.wav,-1
A1A2B2B1,seq_0067,A1_e_b.wav,A2_i_d.wav,B2_o_t.wav,A1_e_b.wav,-1
A2A1B1B2,seq_0068,A2_i_d.wav,A1_e_b.wav,B1_o_p.wav,A3_e_g.wav,-1
A3A2B2B3,seq_0069,A3_e_g.wav,A2_e_d.wav,A3_e_g.wav,B3_o_k.wav,-2
A3A2B2B3,seq_0070,A3_e_g.wav,A2_i_d.wav,B2_u_t.wav,A2_e_d.wav,-1
A2A1B1B2,seq_0071,A2_e_d.wav,A1_i_b.wav,B1_u_p.wav,A3_e_g.wav,-1
A1A3B3B1,seq_0072,A1_i_b.wav,A3_i_g.wav,A2_i_d.wav,B1_o_p.wav,-2
A3A1B1B3,seq_0073,A3_e_g.wav,A1_i_b.wav,B1_u_p.wav,A1_e_b.wav,-1
A3A1B1B3,seq_0074,A3_i_g.wav,A1_e_b.wav,A3_i_g.wav,B3_u_k.wav,-2
A1A2B2B1,seq_0075,A1_e_b.wav,A2_e_d.wav,B2_u_t.wav,A1_i_b.wav,-1
A2A1B1B2,seq_0076,A2_e_d.wav,A1_i_b.wav,B1_o_p.wav,A2_i_d.wav,-1
A2A1B1B2,seq_0077,A2_e_d.wav,A1_i_b.wav,A2_e_d.wav,B2_o_t.wav,-2
A3A1B1B3,seq_0078,A3_e_g.wav,A1_i_b.wav,A1_i_b.wav,B3_o_k.wav,-2
A3A2B2B3,seq_0079,A3_i_g.wav,A2_i_d.wav,B2_u_t.wav,A1_i_b.wav,-1
A3A1B1B3,seq_0080,A3_i_g.wav,A1_i_b.wav,A2_e_d.wav,B3_u_k.wav,-2
A1A3B3B1,seq_0081,A1_e_b.wav,A3_i_g.wav,B3_o_k.wav,A2_i_d.wav,-1
A1A3B3B1,seq_0082,A1_i_b.wav,A3_e_g.wav,B3_u_k.wav,A3_i_g.wav,-1
A2A1B1B2,seq_0083,A2_i_d.wav,A1_e_b.wav,A3_e_g.wav,B2_o_t.wav,-2
A3A2B2B3,seq_0084,A3_e_g.wav,A2_i_d.wav,B2_o_t.wav,A1_i_b.wav,-1
A3A2B2B3,seq_0085,A3_i_g.wav,A2_e_d.wav,A3_e_g.wav,B3_o_k.wav,-2
A2A3B3B2,seq_0086,A2_e_d.wav,A3_i_g.wav,B3_u_k.wav,A3_i_g.wav,-1
A1A3B3B1,seq_0087,A1_i_b.wav,A3_e_g.wav,B3_u_k.wav,A1_e_b.wav,-1
A3A1B1B3,seq_0088,A3_i_g.wav,A1_i_b.wav,A1_i_b.wav,B3_o_k.wav,-2
A2A3B3B2,seq_0089,A2_e_d.wav,A3_i_g.wav,B3_o_k.wav,A1_e_b.wav,-1
A1A2B2B1,seq_0090,A1_i_b.wav,A2_i_d.wav,A3_e_g.wav,B1_u_p.wav,-2
A1A3B3B1,seq_0091,A1_i_b.wav,A3_e_g.wav,B3_o_k.wav,A2_i_d.wav,-1
A3A2B2B3,seq_0092,A3_i_g.wav,A2_e_d.wav,B2_u_t.wav,A3_e_g.wav,-1
A3A2B2B3,seq_0093,A3_i_g.wav,A2_i_d.wav,B2_u_t.wav,A3_e_g.wav,-1
A1A3B3B1,seq_0094,A1_e_b.wav,A3_e_g.wav,B3_o_k.wav,A3_i_g.wav,-1
A2A1B1B2,seq_0095,A2_e_d.wav,A1_i_b.wav,B1_o_p.wav,A1_i_b.wav,-1
